{"name":"Category","identifier":"S3Q14Q14KR","description":null,"slotTypeValues":[{"sampleValue":{"value":"Alambres"},"synonyms":[{"value":"Alambre"},{"value":"alambres"}]},{"sampleValue":{"value":"Costras"},"synonyms":[{"value":"costra"},{"value":"costras"}]},{"sampleValue":{"value":"Volcanes"},"synonyms":[{"value":"volcán"},{"value":"volcanes"}]},{"sampleValue":{"value":"Tortas"},"synonyms":[{"value":"torta"},{"value":"tortas"}]}],"parentSlotTypeSignature":null,"valueSelectionSetting":{"regexFilter":null,"resolutionStrategy":"TOP_RESOLUTION"}}