{"name":"NuevoPedido","identifier":"1ZSP3KMAML","description":"Ayuda a los usuarios para generar un pedido.","parentIntentSignature":null,"sampleUtterances":[{"utterance":"Deseo hacer un pedido"},{"utterance":"Quiero hacer un pedido"},{"utterance":"Quiero ordenar"},{"utterance":"Iniciar orden"},{"utterance":"Puedo ordenar?"},{"utterance":"Iniciar pedido"},{"utterance":"Quiero {Categoria} de {Alambres}"},{"utterance":"Quiero {Categoria}"},{"utterance":"Quiero {Categoria} de {Costras}"},{"utterance":"Quiero {Categoria} de {Volcanes}"}],"intentConfirmationSetting":{"isActive":true,"declinationNextStep":{"dialogAction":{"type":"ElicitSlot","suppressNextMessage":null,"slotToElicit":"Categoria"},"intent":{"name":null,"slots":{"Categoria":{"value":{"interpretedValue":null},"values":null,"shape":null}}},"sessionAttributes":null},"confirmationNextStep":{"dialogAction":{"type":"FulfillIntent","suppressNextMessage":null,"slotToElicit":null},"intent":{"name":null,"slots":null},"sessionAttributes":null},"failureNextStep":{"dialogAction":{"type":"StartIntent","suppressNextMessage":null,"slotToElicit":null},"intent":{"name":"FallbackIntent","slots":null},"sessionAttributes":null},"elicitationCodeHook":{"invocationLabel":null,"enableCodeHookInvocation":true},"declinationResponse":null,"promptSpecification":{"allowInterrupt":true,"messageSelectionStrategy":"Random","promptAttemptsSpecification":{"Retry3":{"allowInterrupt":true,"allowedInputTypes":{"allowAudioInput":true,"allowDTMFInput":true},"audioAndDTMFInputSpecification":{"dtmfSpecification":{"maxLength":513,"deletionCharacter":"*","endCharacter":"#","endTimeoutMs":5000},"startTimeoutMs":4000,"audioSpecification":{"maxLengthMs":15000,"endTimeoutMs":640}},"textInputSpecification":{"startTimeoutMs":30000}},"Initial":{"allowInterrupt":true,"allowedInputTypes":{"allowAudioInput":true,"allowDTMFInput":true},"audioAndDTMFInputSpecification":{"dtmfSpecification":{"maxLength":513,"deletionCharacter":"*","endCharacter":"#","endTimeoutMs":5000},"startTimeoutMs":4000,"audioSpecification":{"maxLengthMs":15000,"endTimeoutMs":640}},"textInputSpecification":{"startTimeoutMs":30000}},"Retry4":{"allowInterrupt":true,"allowedInputTypes":{"allowAudioInput":true,"allowDTMFInput":true},"audioAndDTMFInputSpecification":{"dtmfSpecification":{"maxLength":513,"deletionCharacter":"*","endCharacter":"#","endTimeoutMs":5000},"startTimeoutMs":4000,"audioSpecification":{"maxLengthMs":15000,"endTimeoutMs":640}},"textInputSpecification":{"startTimeoutMs":30000}},"Retry1":{"allowInterrupt":true,"allowedInputTypes":{"allowAudioInput":true,"allowDTMFInput":true},"audioAndDTMFInputSpecification":{"dtmfSpecification":{"maxLength":513,"deletionCharacter":"*","endCharacter":"#","endTimeoutMs":5000},"startTimeoutMs":4000,"audioSpecification":{"maxLengthMs":15000,"endTimeoutMs":640}},"textInputSpecification":{"startTimeoutMs":30000}},"Retry2":{"allowInterrupt":true,"allowedInputTypes":{"allowAudioInput":true,"allowDTMFInput":true},"audioAndDTMFInputSpecification":{"dtmfSpecification":{"maxLength":513,"deletionCharacter":"*","endCharacter":"#","endTimeoutMs":5000},"startTimeoutMs":4000,"audioSpecification":{"maxLengthMs":15000,"endTimeoutMs":640}},"textInputSpecification":{"startTimeoutMs":30000}}},"messageGroupsList":[{"message":{"imageResponseCard":null,"ssmlMessage":null,"customPayload":null,"plainTextMessage":{"value":"Estaría completo su pedido?"}},"variations":null}],"maxRetries":4},"codeHook":{"isActive":false,"invocationLabel":null,"enableCodeHookInvocation":true,"postCodeHookSpecification":{"successConditional":null,"timeoutResponse":null,"successNextStep":{"dialogAction":{"type":"CloseIntent","suppressNextMessage":null,"slotToElicit":null},"intent":{"name":null,"slots":null},"sessionAttributes":null},"successResponse":null,"timeoutNextStep":{"dialogAction":{"type":"EndConversation","suppressNextMessage":null,"slotToElicit":null},"intent":{"name":null,"slots":null},"sessionAttributes":null},"timeoutConditional":null,"failureResponse":null,"failureNextStep":{"dialogAction":{"type":"EndConversation","suppressNextMessage":null,"slotToElicit":null},"intent":{"name":null,"slots":null},"sessionAttributes":null},"failureConditional":null}}},"intentClosingSetting":null,"initialResponseSetting":{"initialResponse":{"allowInterrupt":true,"messageGroupsList":[{"message":{"imageResponseCard":null,"ssmlMessage":null,"customPayload":null,"plainTextMessage":{"value":"Bienvenido a Taquería Los Socios, con gusto lo ayudaré a generar su pedido. Lo primero será ordenar la comida."}},"variations":null}]},"codeHook":{"isActive":false,"invocationLabel":null,"enableCodeHookInvocation":false,"postCodeHookSpecification":{"successConditional":null,"timeoutResponse":null,"successNextStep":{"dialogAction":{"type":"ElicitSlot","suppressNextMessage":null,"slotToElicit":"Categoria"},"intent":{"name":null,"slots":null},"sessionAttributes":null},"successResponse":null,"timeoutNextStep":{"dialogAction":{"type":"EndConversation","suppressNextMessage":null,"slotToElicit":null},"intent":{"name":null,"slots":null},"sessionAttributes":null},"timeoutConditional":null,"failureResponse":null,"failureNextStep":{"dialogAction":{"type":"EndConversation","suppressNextMessage":null,"slotToElicit":null},"intent":{"name":null,"slots":null},"sessionAttributes":null},"failureConditional":null}},"conditional":null,"nextStep":{"dialogAction":{"type":"ElicitSlot","suppressNextMessage":null,"slotToElicit":"Categoria"},"intent":{"name":null,"slots":null},"sessionAttributes":null}},"inputContexts":null,"outputContexts":null,"kendraConfiguration":null,"dialogCodeHook":null,"fulfillmentCodeHook":{"isActive":true,"fulfillmentUpdatesSpecification":null,"postFulfillmentStatusSpecification":{"timeoutResponse":null,"successNextStep":{"dialogAction":{"type":"FulfillIntent","suppressNextMessage":null,"slotToElicit":null},"intent":{"name":null,"slots":null},"sessionAttributes":null},"successResponse":{"allowInterrupt":true,"messageGroupsList":[{"message":{"imageResponseCard":null,"ssmlMessage":null,"customPayload":null,"plainTextMessage":{"value":"Su pedido ha sido registrado con éxito. Gracias."}},"variations":null}]},"timeoutNextStep":{"dialogAction":{"type":"EndConversation","suppressNextMessage":null,"slotToElicit":null},"intent":{"name":null,"slots":null},"sessionAttributes":null},"failureResponse":null,"failureNextStep":{"dialogAction":{"type":"EndConversation","suppressNextMessage":null,"slotToElicit":null},"intent":{"name":null,"slots":null},"sessionAttributes":null}},"enabled":true},"slotPriorities":[{"priority":7,"slotName":"Quierebebida"},{"priority":9,"slotName":"Postres"},{"priority":1,"slotName":"Categoria"},{"priority":2,"slotName":"Alambres"},{"priority":8,"slotName":"Quierecomida"},{"priority":3,"slotName":"Costras"},{"priority":5,"slotName":"Tortas"},{"priority":4,"slotName":"Volcanes"},{"priority":6,"slotName":"Bebidas"},{"priority":10,"slotName":"Quierepostre"}]}