{"name":"Alambres","identifier":"JDBOZMTDEE","description":null,"slotTypeValues":[{"sampleValue":{"value":"Vegetariano"},"synonyms":[{"value":"vegetales"},{"value":"vegetal"}]},{"sampleValue":{"value":"Pechuga"},"synonyms":null},{"sampleValue":{"value":"Bistec"},"synonyms":null},{"sampleValue":{"value":"Chuleta"},"synonyms":null},{"sampleValue":{"value":"Costilla"},"synonyms":null},{"sampleValue":{"value":"Arrachera"},"synonyms":null}],"parentSlotTypeSignature":null,"valueSelectionSetting":{"regexFilter":null,"resolutionStrategy":"TOP_RESOLUTION"}}