{"name":"Bebidas","identifier":"YGZWNM8PB5","description":null,"slotTypeValues":[{"sampleValue":{"value":"Refrescos"},"synonyms":[{"value":"refresco"},{"value":"soda"}]},{"sampleValue":{"value":"Agua natural"},"synonyms":[{"value":"agua"}]},{"sampleValue":{"value":"Agua de Jamaica"},"synonyms":null},{"sampleValue":{"value":"Agua de Horchata"},"synonyms":null},{"sampleValue":{"value":"Botella"},"synonyms":null},{"sampleValue":{"value":"Barril"},"synonyms":null},{"sampleValue":{"value":"Litro"},"synonyms":null},{"sampleValue":{"value":"Michelada 1L"},"synonyms":[{"value":"un litro de michelada"},{"value":"michelada de un litro"}]},{"sampleValue":{"value":"Michelato 1L"},"synonyms":[{"value":"un litro de michelato"},{"value":"michelato de un litro"}]}],"parentSlotTypeSignature":null,"valueSelectionSetting":{"regexFilter":null,"resolutionStrategy":"TOP_RESOLUTION"}}